{"accuracy": [0.8663489818572998, 0.9179600477218628, 0.9417312741279602, 0.9560139179229736, 0.964293360710144, 0.9721459746360779, 0.9761860966682434, 0.9792730808258057, 0.9826730489730835, 0.9829006195068359], "loss": [0.42314085364341736, 0.25366467237472534, 0.18011175096035004, 0.13511215150356293, 0.10537903010845184, 0.08703476190567017, 0.074302539229393, 0.06289078295230865, 0.05473415553569794, 0.05137922614812851], "val_accuracy": [0.9054746031761169, 0.9258479475975037, 0.9487821459770203, 0.9597655534744263, 0.9605622291564941, 0.9550990462303162, 0.9677896499633789, 0.9595947861671448, 0.9552697539329529, 0.9536194205284119], "val_loss": [0.30030110478401184, 0.22715449333190918, 0.15588374435901642, 0.13180550932884216, 0.12365902960300446, 0.15962588787078857, 0.10199766606092453, 0.13826481997966766, 0.17291860282421112, 0.16228161752223969]}